{
    "tree": {
        "root_id": "1",
        "children": {
            "1": ["2"],
            "2": ["3"],
            "3": []
        },
        "data": {
            "1": {
                "scale": 1,
                "rotation": {
                    "x": 0,
                    "y": 0,
                    "z": 0
                },
                "position": {
                    "x": -66.01357746124268,
                    "y": 15.418879508972168,
                    "z": -11.383512020111084
                },
                "position_within_parent": {
                    "x": 0,
                    "y": 0,
                    "z": 0
                }
            },
            "2": {
                "scale": 1,
                "rotation": {
                    "x": 0,
                    "y": 0,
                    "z": 0
                },
                "position": {
                    "x": -65.23039527070799,
                    "y": -18.531999238364556,
                    "z": -16.295984182686013
                },
                "position_within_parent": {
                    "x": -0.7831821905346885,
                    "y": 33.95087874733672,
                    "z": 4.912472162574929
                }
            },
            "3": {

                "scale": 1,
                "rotation": {
                    "x": 0,
                    "y": 0,
                    "z": 0
                },
                "position": {
                    "x": -65.86660151792812,
                    "y": -65.40460057727708,
                    "z": 1.079752559108563
                },
                "position_within_parent": {
                    "x": 0.6362062472201302,
                    "y": 46.872601338912524,
                    "z": -17.375736741794576
                }
            }
        }
    },
    "file_mappings": {
        "1": "/tmp/files/111",
        "2": "/tmp/files/222",
        "3": "/tmp/files/333"
    }
}